word,syllables,tonic,class,canonic
o,['o'],0,oxítona,False
ó,['ó'],0,oxítona,False
oásis,"['o', 'á', 'sis']",1,paroxítona,False
ob-rogar,"['ob-ro', 'gar']",1,oxítona,False
oba,"['o', 'ba']",0,paroxítona,False
obaudição,"['o', 'bau', 'di', 'ção']",3,oxítona,False
obcecação,"['ob', 'ce', 'ca', 'ção']",3,oxítona,False
obcecada,"['ob', 'ce', 'ca', 'da']",2,paroxítona,False
obcecadamente,"['ob', 'ce', 'ca', 'da', 'men', 'te']",4,paroxítona,False
obcecado,"['ob', 'ce', 'ca', 'do']",2,paroxítona,False
obcecante,"['ob', 'ce', 'can', 'te']",2,paroxítona,False
obcecar,"['ob', 'ce', 'car']",2,oxítona,False
obcomprimido,"['ob', 'com', 'pri', 'mi', 'do']",3,paroxítona,False
obcónico,"['ob', 'có', 'ni', 'co']",1,proparoxítona,False
obcordado,"['ob', 'cor', 'da', 'do']",2,paroxítona,False
obcorrente,"['ob', 'cor', 'ren', 'te']",2,paroxítona,False
obdentado,"['ob', 'den', 'ta', 'do']",2,paroxítona,False
obduração,"['ob', 'du', 'ra', 'ção']",3,oxítona,False
obdurar,"['ob', 'du', 'rar']",2,oxítona,False
obedecer,"['o', 'be', 'de', 'cer']",3,oxítona,False
obedecido,"['o', 'be', 'de', 'ci', 'do']",3,paroxítona,False
obediência,"['o', 'be', 'di', 'ên', 'ci', 'a']",3,proparoxítona,False
obediente,"['o', 'be', 'di', 'en', 'te']",3,paroxítona,False
obedientemente,"['o', 'be', 'di', 'en', 'te', 'men', 'te']",5,paroxítona,False
obelisco,"['o', 'be', 'lis', 'co']",2,paroxítona,False
obesidade,"['o', 'be', 'si', 'da', 'de']",3,paroxítona,False
obeso,"['o', 'be', 'so']",1,paroxítona,False
obfirmado,"['ob', 'fir', 'ma', 'do']",2,paroxítona,False
obfirmar,"['ob', 'fir', 'mar']",2,oxítona,False
obi,"['o', 'bi']",1,oxítona,False
óbice,"['ó', 'bi', 'ce']",0,proparoxítona,False
obidense,"['o', 'bi', 'den', 'se']",2,paroxítona,False
óbito,"['ó', 'bi', 'to']",0,proparoxítona,False
obituário,"['o', 'bi', 'tu', 'á', 'ri', 'o']",3,proparoxítona,False
objeção,"['ob', 'je', 'ção']",2,oxítona,False
objecção,"['ob', 'jec', 'ção']",2,oxítona,False
objectado,"['ob', 'jec', 'ta', 'do']",2,paroxítona,False
objectiva,"['ob', 'jec', 'ti', 'va']",2,paroxítona,False
objectivação,"['ob', 'jec', 'ti', 'va', 'ção']",4,oxítona,False
objectivado,"['ob', 'jec', 'ti', 'va', 'do']",3,paroxítona,False
objectivamente,"['ob', 'jec', 'ti', 'va', 'men', 'te']",4,paroxítona,False
objectividade,"['ob', 'jec', 'ti', 'vi', 'da', 'de']",4,paroxítona,False
objectivismo,"['ob', 'jec', 'ti', 'vis', 'mo']",3,paroxítona,False
objectivista,"['ob', 'jec', 'ti', 'vis', 'ta']",3,paroxítona,False
objectivo,"['ob', 'jec', 'ti', 'vo']",2,paroxítona,False
objector,"['ob', 'jec', 'tor']",2,oxítona,False
objectora,"['ob', 'jec', 'to', 'ra']",2,paroxítona,False
objeito,"['ob', 'jei', 'to']",1,paroxítona,False
objetar,"['ob', 'je', 'tar']",2,oxítona,False
objetiva,"['ob', 'je', 'ti', 'va']",2,paroxítona,False
objetivamente,"['ob', 'je', 'ti', 'va', 'men', 'te']",4,paroxítona,False
objetivar,"['ob', 'je', 'ti', 'var']",3,oxítona,False
objetivo,"['ob', 'je', 'ti', 'vo']",2,paroxítona,False
objeto,"['ob', 'je', 'to']",1,paroxítona,False
objurgatória,"['ob', 'jur', 'ga', 'tó', 'ri', 'a']",3,proparoxítona,False
objurgatório,"['ob', 'jur', 'ga', 'tó', 'ri', 'o']",3,proparoxítona,False
oblada,"['o', 'bla', 'da']",1,paroxítona,False
oblata,"['o', 'bla', 'ta']",1,paroxítona,False
oblatar,"['o', 'bla', 'tar']",2,oxítona,False
oblato,"['o', 'bla', 'to']",1,paroxítona,False
oblíqua,"['o', 'blí', 'qua']",1,paroxítona,False
obliquamente,"['o', 'bli', 'qua', 'men', 'te']",3,paroxítona,False
obliquar,"['o', 'bli', 'quar']",2,oxítona,False
obliquidade,"['o', 'bli', 'qui', 'da', 'de']",3,paroxítona,False
oblíquo,"['o', 'blí', 'quo']",1,paroxítona,False
obliteração,"['o', 'bli', 'te', 'ra', 'ção']",4,oxítona,False
obliterado,"['o', 'bli', 'te', 'ra', 'do']",3,paroxítona,False
obliterador,"['o', 'bli', 'te', 'ra', 'dor']",4,oxítona,False
obliterar,"['o', 'bli', 'te', 'rar']",3,oxítona,False
oblongo,"['o', 'blon', 'go']",1,paroxítona,False
obnóxio,"['ob', 'nó', 'xi', 'o']",1,proparoxítona,False
obnubilação,"['ob', 'nu', 'bi', 'la', 'ção']",4,oxítona,False
obnubilar,"['ob', 'nu', 'bi', 'lar']",3,oxítona,False
oboé,"['o', 'bo', 'é']",2,oxítona,False
oboísta,"['o', 'bo', 'ís', 'ta']",2,paroxítona,False
óbolo,"['ó', 'bo', 'lo']",0,proparoxítona,False
obovado,"['o', 'bo', 'va', 'do']",2,paroxítona,False
oboval,"['o', 'bo', 'val']",2,oxítona,False
obovalado,"['o', 'bo', 'va', 'la', 'do']",3,paroxítona,False
obovoide,"['o', 'bo', 'voi', 'de']",2,paroxítona,False
obpiramidal,"['ob', 'pi', 'ra', 'mi', 'dal']",4,oxítona,False
obra,"['o', 'bra']",0,paroxítona,False
obra-prima,"['o', 'bra-', 'pri', 'ma']",2,paroxítona,False
obrar,"['o', 'brar']",1,oxítona,False
obreira,"['o', 'brei', 'ra']",1,paroxítona,False
obreiro,"['o', 'brei', 'ro']",1,paroxítona,False
obriga,"['o', 'bri', 'ga']",1,paroxítona,False
obrigação,"['o', 'bri', 'ga', 'ção']",3,oxítona,False
obrigacionista,"['o', 'bri', 'ga', 'ci', 'o', 'nis', 'ta']",5,paroxítona,False
obrigado,"['o', 'bri', 'ga', 'do']",2,paroxítona,False
obrigar,"['o', 'bri', 'gar']",2,oxítona,False
obrigatoriamente,"['o', 'bri', 'ga', 'to', 'ri', 'a', 'men', 'te']",6,paroxítona,False
obrigatoriedade,"['o', 'bri', 'ga', 'to', 'ri', 'e', 'da', 'de']",6,paroxítona,False
obrigatório,"['o', 'bri', 'ga', 'tó', 'ri', 'o']",3,proparoxítona,False
obscenamente,"['obs', 'ce', 'na', 'men', 'te']",3,paroxítona,False
obscenidade,"['obs', 'ce', 'ni', 'da', 'de']",3,paroxítona,False
obsceno,"['obs', 'ce', 'no']",1,paroxítona,False
obscuramente,"['obs', 'cu', 'ra', 'men', 'te']",3,paroxítona,False
obscurantismo,"['obs', 'cu', 'ran', 'tis', 'mo']",3,paroxítona,False
obscurantista,"['obs', 'cu', 'ran', 'tis', 'ta']",3,paroxítona,False
obscurecer,"['obs', 'cu', 're', 'cer']",3,oxítona,False
obscurecido,"['obs', 'cu', 're', 'ci', 'do']",3,paroxítona,False
obscurecimento,"['obs', 'cu', 're', 'ci', 'men', 'to']",4,paroxítona,False
obscuridade,"['obs', 'cu', 'ri', 'da', 'de']",3,paroxítona,False
obscuro,"['obs', 'cu', 'ro']",1,paroxítona,False
obsedar,"['ob', 'se', 'dar']",2,oxítona,False
obsequente,"['ob', 'se', 'quen', 'te']",2,paroxítona,False
obsequiar,"['ob', 'se', 'qui', 'ar']",3,oxítona,False
obséquio,"['ob', 'sé', 'qui', 'o']",1,proparoxítona,False
obsequiosamente,"['ob', 'se', 'qui', 'o', 'sa', 'men', 'te']",5,paroxítona,False
obsequioso,"['ob', 'se', 'qui', 'o', 'so']",3,paroxítona,False
observação,"['ob', 'ser', 'va', 'ção']",3,oxítona,False
observado,"['ob', 'ser', 'va', 'do']",2,paroxítona,False
observador,"['ob', 'ser', 'va', 'dor']",3,oxítona,False
observadora,"['ob', 'ser', 'va', 'do', 'ra']",3,paroxítona,False
observância,"['ob', 'ser', 'vân', 'ci', 'a']",2,proparoxítona,False
observante,"['ob', 'ser', 'van', 'te']",2,paroxítona,False
observar,"['ob', 'ser', 'var']",2,oxítona,False
observatório,"['ob', 'ser', 'va', 'tó', 'ri', 'o']",3,proparoxítona,False
observável,"['ob', 'ser', 'vá', 'vel']",2,paroxítona,False
obsessão,"['ob', 'ses', 'são']",2,oxítona,False
obsessiva,"['ob', 'ses', 'si', 'va']",2,paroxítona,False
obsessivamente,"['ob', 'ses', 'si', 'va', 'men', 'te']",4,paroxítona,False
obsessivo,"['ob', 'ses', 'si', 'vo']",2,paroxítona,False
obsessivo-compulsivo,"['ob', 'ses', 'si', 'vo-com', 'pul', 'si', 'vo']",5,paroxítona,False
obsidiana,"['ob', 'si', 'di', 'a', 'na']",3,paroxítona,False
obsidiante,"['ob', 'si', 'di', 'an', 'te']",3,paroxítona,False
obsolescência,"['ob', 'so', 'les', 'cên', 'ci', 'a']",3,proparoxítona,False
obsoletismo,"['ob', 'so', 'le', 'tis', 'mo']",3,paroxítona,False
obsoleto,"['ob', 'so', 'le', 'to']",2,paroxítona,False
obstaculizar,"['obs', 'ta', 'cu', 'li', 'zar']",4,oxítona,False
obstáculo,"['obs', 'tá', 'cu', 'lo']",1,proparoxítona,False
obstante,"['obs', 'tan', 'te']",1,paroxítona,False
obstar,"['obs', 'tar']",1,oxítona,False
obstetra,"['obs', 'te', 'tra']",1,paroxítona,False
obstétrica,"['obs', 'té', 'tri', 'ca']",1,proparoxítona,False
obstetrícia,"['obs', 'te', 'trí', 'ci', 'a']",2,proparoxítona,False
obstetrício,"['obs', 'te', 'trí', 'ci', 'o']",2,proparoxítona,False
obstétrico,"['obs', 'té', 'tri', 'co']",1,proparoxítona,False
obstinação,"['obs', 'ti', 'na', 'ção']",3,oxítona,False
obstinada,"['obs', 'ti', 'na', 'da']",2,paroxítona,False
obstinadamente,"['obs', 'ti', 'na', 'da', 'men', 'te']",4,paroxítona,False
obstinado,"['obs', 'ti', 'na', 'do']",2,paroxítona,False
obstinar,"['obs', 'ti', 'nar']",2,oxítona,False
obstipação,"['obs', 'ti', 'pa', 'ção']",3,oxítona,False
obstrução,"['obs', 'tru', 'ção']",2,oxítona,False
obstrucionismo,"['obs', 'tru', 'ci', 'o', 'nis', 'mo']",4,paroxítona,False
obstrucionista,"['obs', 'tru', 'ci', 'o', 'nis', 'ta']",4,paroxítona,False
obstruído,"['obs', 'tru', 'í', 'do']",2,paroxítona,False
obstruir,"['obs', 'tru', 'ir']",2,oxítona,False
obstrutivo,"['obs', 'tru', 'ti', 'vo']",2,paroxítona,False
obtemperar,"['ob', 'tem', 'pe', 'rar']",3,oxítona,False
obtenção,"['ob', 'ten', 'ção']",2,oxítona,False
obter,"['ob', 'ter']",1,oxítona,False
obtestar,"['ob', 'tes', 'tar']",2,oxítona,False
obtido,"['ob', 'ti', 'do']",1,paroxítona,False
obturação,"['ob', 'tu', 'ra', 'ção']",3,oxítona,False
obturador,"['ob', 'tu', 'ra', 'dor']",3,oxítona,False
obturar,"['ob', 'tu', 'rar']",2,oxítona,False
obturbinado,"['ob', 'tur', 'bi', 'na', 'do']",3,paroxítona,False
obtusamente,"['ob', 'tu', 'sa', 'men', 'te']",3,paroxítona,False
obtusidade,"['ob', 'tu', 'si', 'da', 'de']",3,paroxítona,False
obtuso,"['ob', 'tu', 'so']",1,paroxítona,False
obus,"['o', 'bus']",1,oxítona,False
obuseiro,"['o', 'bu', 'sei', 'ro']",2,paroxítona,False
obverso,"['ob', 'ver', 'so']",1,paroxítona,False
obviamente,"['ob', 'vi', 'a', 'men', 'te']",3,paroxítona,False
obviar,"['ob', 'vi', 'ar']",2,oxítona,False
obviável,"['ob', 'vi', 'á', 'vel']",2,paroxítona,False
óbvio,"['ób', 'vi', 'o']",0,proparoxítona,False
obvir,"['ob', 'vir']",1,oxítona,False
obvolvido,"['ob', 'vol', 'vi', 'do']",2,paroxítona,False
oc,['oc'],0,oxítona,False
oca,"['o', 'ca']",0,paroxítona,False
ocamente,"['o', 'ca', 'men', 'te']",2,paroxítona,False
ocapi,"['o', 'ca', 'pi']",2,oxítona,False
ocar,"['o', 'car']",1,oxítona,False
ocarina,"['o', 'ca', 'ri', 'na']",2,paroxítona,False
ocasião,"['o', 'ca', 'si', 'ão']",3,oxítona,False
ocasionado,"['o', 'ca', 'si', 'o', 'na', 'do']",4,paroxítona,False
ocasional,"['o', 'ca', 'si', 'o', 'nal']",4,oxítona,False
ocasionalmente,"['o', 'ca', 'si', 'o', 'nal', 'men', 'te']",5,paroxítona,False
ocasionar,"['o', 'ca', 'si', 'o', 'nar']",4,oxítona,False
ocaso,"['o', 'ca', 'so']",1,paroxítona,False
occipital,"['oc', 'ci', 'pi', 'tal']",3,oxítona,False
occitano,"['oc', 'ci', 'ta', 'no']",2,paroxítona,False
oceanário,"['o', 'ce', 'a', 'ná', 'ri', 'o']",3,proparoxítona,False
oceânico,"['o', 'ce', 'â', 'ni', 'co']",2,proparoxítona,False
oceano,"['o', 'ce', 'a', 'no']",2,paroxítona,False
oceanografia,"['o', 'ce', 'a', 'no', 'gra', 'fi', 'a']",5,paroxítona,False
oceanográfico,"['o', 'ce', 'a', 'no', 'grá', 'fi', 'co']",4,proparoxítona,False
oceanógrafo,"['o', 'ce', 'a', 'nó', 'gra', 'fo']",3,proparoxítona,False
oceanológico,"['o', 'ce', 'a', 'no', 'ló', 'gi', 'co']",4,proparoxítona,False
oceanólogo,"['o', 'ce', 'a', 'nó', 'lo', 'go']",3,proparoxítona,False
ocidental,"['o', 'ci', 'den', 'tal']",3,oxítona,False
ocidentalidade,"['o', 'ci', 'den', 'ta', 'li', 'da', 'de']",5,paroxítona,False
ocidentalismo,"['o', 'ci', 'den', 'ta', 'lis', 'mo']",4,paroxítona,False
ocidentalista,"['o', 'ci', 'den', 'ta', 'lis', 'ta']",4,paroxítona,False
ocidentalização,"['o', 'ci', 'den', 'ta', 'li', 'za', 'ção']",6,oxítona,False
ocidentalizado,"['o', 'ci', 'den', 'ta', 'li', 'za', 'do']",5,paroxítona,False
ocidentalizar,"['o', 'ci', 'den', 'ta', 'li', 'zar']",5,oxítona,False
ocidentalmente,"['o', 'ci', 'den', 'tal', 'men', 'te']",4,paroxítona,False
ocidente,"['o', 'ci', 'den', 'te']",2,paroxítona,False
ócio,"['ó', 'ci', 'o']",0,proparoxítona,False
ociosa,"['o', 'ci', 'o', 'sa']",2,paroxítona,False
ociosamente,"['o', 'ci', 'o', 'sa', 'men', 'te']",4,paroxítona,False
ociosidade,"['o', 'ci', 'o', 'si', 'da', 'de']",4,paroxítona,False
ocioso,"['o', 'ci', 'o', 'so']",2,paroxítona,False
oclusão,"['o', 'clu', 'são']",2,oxítona,False
oco,"['o', 'co']",0,paroxítona,False
ocorrência,"['o', 'cor', 'rên', 'ci', 'a']",2,proparoxítona,False
ocorrente,"['o', 'cor', 'ren', 'te']",2,paroxítona,False
ocorrer,"['o', 'cor', 'rer']",2,oxítona,False
ocre,"['o', 'cre']",0,paroxítona,False
octaedro,"['oc', 'ta', 'e', 'dro']",2,paroxítona,False
octana,"['oc', 'ta', 'na']",1,paroxítona,False
octaviano,"['oc', 'ta', 'vi', 'a', 'no']",3,paroxítona,False
octeto,"['oc', 'te', 'to']",1,paroxítona,False
octogenária,"['oc', 'to', 'ge', 'ná', 'ri', 'a']",3,proparoxítona,False
octogenário,"['oc', 'to', 'ge', 'ná', 'ri', 'o']",3,proparoxítona,False
octogésimo,"['oc', 'to', 'gé', 'si', 'mo']",2,proparoxítona,False
octogonal,"['oc', 'to', 'go', 'nal']",3,oxítona,False
octógono,"['oc', 'tó', 'go', 'no']",1,proparoxítona,False
octópode,"['oc', 'tó', 'po', 'de']",1,proparoxítona,False
óctuplo,"['óc', 'tu', 'plo']",0,proparoxítona,False
ocular,"['o', 'cu', 'lar']",2,oxítona,False
oculista,"['o', 'cu', 'lis', 'ta']",2,paroxítona,False
óculo,"['ó', 'cu', 'lo']",0,proparoxítona,False
óculos,"['ó', 'cu', 'los']",0,proparoxítona,False
ocultação,"['o', 'cul', 'ta', 'ção']",3,oxítona,False
ocultador,"['o', 'cul', 'ta', 'dor']",3,oxítona,False
ocultadora,"['o', 'cul', 'ta', 'do', 'ra']",3,paroxítona,False
ocultamente,"['o', 'cul', 'ta', 'men', 'te']",3,paroxítona,False
ocultar,"['o', 'cul', 'tar']",2,oxítona,False
ocultas,"['o', 'cul', 'tas']",1,paroxítona,False
ocultismo,"['o', 'cul', 'tis', 'mo']",2,paroxítona,False
ocultista,"['o', 'cul', 'tis', 'ta']",2,paroxítona,False
oculto,"['o', 'cul', 'to']",1,paroxítona,False
ocupa,"['o', 'cu', 'pa']",1,paroxítona,False
ocupação,"['o', 'cu', 'pa', 'ção']",3,oxítona,False
ocupacional,"['o', 'cu', 'pa', 'ci', 'o', 'nal']",5,oxítona,False
ocupadamente,"['o', 'cu', 'pa', 'da', 'men', 'te']",4,paroxítona,False
ocupado,"['o', 'cu', 'pa', 'do']",2,paroxítona,False
ocupante,"['o', 'cu', 'pan', 'te']",2,paroxítona,False
ocupar,"['o', 'cu', 'par']",2,oxítona,False
odalisca,"['o', 'da', 'lis', 'ca']",2,paroxítona,False
ode,"['o', 'de']",0,paroxítona,False
odiar,"['o', 'di', 'ar']",2,oxítona,False
odiável,"['o', 'di', 'á', 'vel']",2,paroxítona,False
odiento,"['o', 'di', 'en', 'to']",2,paroxítona,False
ódio,"['ó', 'di', 'o']",0,proparoxítona,False
odiosamente,"['o', 'di', 'o', 'sa', 'men', 'te']",4,paroxítona,False
odioso,"['o', 'di', 'o', 'so']",2,paroxítona,False
odisseia,"['o', 'dis', 'sei', 'a']",2,paroxítona,False
odivelense,"['o', 'di', 've', 'len', 'se']",3,paroxítona,False
odontologia,"['o', 'don', 'to', 'lo', 'gi', 'a']",4,paroxítona,False
odontologista,"['o', 'don', 'to', 'lo', 'gis', 'ta']",4,paroxítona,False
odor,"['o', 'dor']",1,oxítona,False
odorante,"['o', 'do', 'ran', 'te']",2,paroxítona,False
odorar,"['o', 'do', 'rar']",2,oxítona,False
odorífero,"['o', 'do', 'rí', 'fe', 'ro']",2,proparoxítona,False
odorífico,"['o', 'do', 'rí', 'fi', 'co']",2,proparoxítona,False
odre,"['o', 'dre']",0,paroxítona,False
oeirense,"['o', 'ei', 'ren', 'se']",2,paroxítona,False
oeste,"['o', 'es', 'te']",1,paroxítona,False
ofegante,"['o', 'fe', 'gan', 'te']",2,paroxítona,False
ofender,"['o', 'fen', 'der']",2,oxítona,False
ofendida,"['o', 'fen', 'di', 'da']",2,paroxítona,False
ofendido,"['o', 'fen', 'di', 'do']",2,paroxítona,False
ofensa,"['o', 'fen', 'sa']",1,paroxítona,False
ofensiva,"['o', 'fen', 'si', 'va']",2,paroxítona,False
ofensivamente,"['o', 'fen', 'si', 'va', 'men', 'te']",4,paroxítona,False
ofensivo,"['o', 'fen', 'si', 'vo']",2,paroxítona,False
ofenso,"['o', 'fen', 'so']",1,paroxítona,False
ofensor,"['o', 'fen', 'sor']",2,oxítona,False
oferecer,"['o', 'fe', 're', 'cer']",3,oxítona,False
oferecido,"['o', 'fe', 're', 'ci', 'do']",3,paroxítona,False
oferecimento,"['o', 'fe', 're', 'ci', 'men', 'to']",4,paroxítona,False
oferenda,"['o', 'fe', 'ren', 'da']",2,paroxítona,False
oferendar,"['o', 'fe', 'ren', 'dar']",3,oxítona,False
oferente,"['o', 'fe', 'ren', 'te']",2,paroxítona,False
oferta,"['o', 'fer', 'ta']",1,paroxítona,False
ofertante,"['o', 'fer', 'tan', 'te']",2,paroxítona,False
ofertar,"['o', 'fer', 'tar']",2,oxítona,False
ofertório,"['o', 'fer', 'tó', 'ri', 'o']",2,proparoxítona,False
offset,"['off', 'set']",1,oxítona,False
offshore,"['off', 'sho', 're']",1,paroxítona,False
oficial,"['o', 'fi', 'ci', 'al']",3,oxítona,False
oficialato,"['o', 'fi', 'ci', 'a', 'la', 'to']",4,paroxítona,False
oficialidade,"['o', 'fi', 'ci', 'a', 'li', 'da', 'de']",5,paroxítona,False
oficialismo,"['o', 'fi', 'ci', 'a', 'lis', 'mo']",4,paroxítona,False
oficialização,"['o', 'fi', 'ci', 'a', 'li', 'za', 'ção']",6,oxítona,False
oficializado,"['o', 'fi', 'ci', 'a', 'li', 'za', 'do']",5,paroxítona,False
oficializar,"['o', 'fi', 'ci', 'a', 'li', 'zar']",5,oxítona,False
oficialmente,"['o', 'fi', 'ci', 'al', 'men', 'te']",4,paroxítona,False
oficiante,"['o', 'fi', 'ci', 'an', 'te']",3,paroxítona,False
oficiar,"['o', 'fi', 'ci', 'ar']",3,oxítona,False
oficina,"['o', 'fi', 'ci', 'na']",2,paroxítona,False
oficinal,"['o', 'fi', 'ci', 'nal']",3,oxítona,False
ofício,"['o', 'fí', 'ci', 'o']",1,proparoxítona,False
oficiosamente,"['o', 'fi', 'ci', 'o', 'sa', 'men', 'te']",5,paroxítona,False
oficioso,"['o', 'fi', 'ci', 'o', 'so']",3,paroxítona,False
ofídio,"['o', 'fí', 'di', 'o']",1,proparoxítona,False
oftálmica,"['of', 'tál', 'mi', 'ca']",1,proparoxítona,False
oftálmico,"['of', 'tál', 'mi', 'co']",1,proparoxítona,False
oftalmologia,"['of', 'tal', 'mo', 'lo', 'gi', 'a']",4,paroxítona,False
oftalmológico,"['of', 'tal', 'mo', 'ló', 'gi', 'co']",3,proparoxítona,False
oftalmologista,"['of', 'tal', 'mo', 'lo', 'gis', 'ta']",4,paroxítona,False
ofuscação,"['o', 'fus', 'ca', 'ção']",3,oxítona,False
ofuscado,"['o', 'fus', 'ca', 'do']",2,paroxítona,False
ofuscamento,"['o', 'fus', 'ca', 'men', 'to']",3,paroxítona,False
ofuscante,"['o', 'fus', 'can', 'te']",2,paroxítona,False
ofuscar,"['o', 'fus', 'car']",2,oxítona,False
ogiva,"['o', 'gi', 'va']",1,paroxítona,False
ogival,"['o', 'gi', 'val']",2,oxítona,False
ogre,"['o', 'gre']",0,paroxítona,False
oh,['oh'],0,oxítona,False
ohm,['ohm'],0,oxítona,False
oi,['oi'],0,oxítona,False
oiça,"['oi', 'ça']",0,paroxítona,False
oídio,"['o', 'í', 'di', 'o']",1,proparoxítona,False
oira,"['oi', 'ra']",0,paroxítona,False
oirar,"['oi', 'rar']",1,oxítona,False
oiro,"['oi', 'ro']",0,paroxítona,False
oitão,"['oi', 'tão']",1,oxítona,False
oitava,"['oi', 'ta', 'va']",1,paroxítona,False
oitavado,"['oi', 'ta', 'va', 'do']",2,paroxítona,False
oitavar,"['oi', 'ta', 'var']",2,oxítona,False
oitavário,"['oi', 'ta', 'vá', 'ri', 'o']",2,proparoxítona,False
oitavo,"['oi', 'ta', 'vo']",1,paroxítona,False
oitavos de final,"['oi', 'ta', 'vos de fi', 'nal']",3,oxítona,False
oitenta,"['oi', 'ten', 'ta']",1,paroxítona,False
oito,"['oi', 'to']",0,paroxítona,False
oitocentista,"['oi', 'to', 'cen', 'tis', 'ta']",3,paroxítona,False
oitocentos,"['oi', 'to', 'cen', 'tos']",2,paroxítona,False
olá,"['o', 'lá']",1,oxítona,False
ola,"['o', 'la']",0,paroxítona,False
olaia,"['o', 'lai', 'a']",1,paroxítona,False
olaré,"['o', 'la', 'ré']",2,oxítona,False
olaria,"['o', 'la', 'ri', 'a']",2,paroxítona,False
olé,"['o', 'lé']",1,oxítona,False
oleado,"['o', 'le', 'a', 'do']",2,paroxítona,False
oleaginosa,"['o', 'le', 'a', 'gi', 'no', 'sa']",4,paroxítona,False
oleaginoso,"['o', 'le', 'a', 'gi', 'no', 'so']",4,paroxítona,False
olear,"['o', 'le', 'ar']",2,oxítona,False
oleico,"['o', 'lei', 'co']",1,paroxítona,False
oleícola,"['o', 'le', 'í', 'co', 'la']",2,proparoxítona,False
oleira,"['o', 'lei', 'ra']",1,paroxítona,False
oleiro,"['o', 'lei', 'ro']",1,paroxítona,False
óleo,"['ó', 'le', 'o']",0,proparoxítona,False
oleoduto,"['o', 'le', 'o', 'du', 'to']",3,paroxítona,False
oleosidade,"['o', 'le', 'o', 'si', 'da', 'de']",4,paroxítona,False
oleoso,"['o', 'le', 'o', 'so']",2,paroxítona,False
olfactar,"['ol', 'fac', 'tar']",2,oxítona,False
olfactivamente,"['ol', 'fac', 'ti', 'va', 'men', 'te']",4,paroxítona,False
olfactivo,"['ol', 'fac', 'ti', 'vo']",2,paroxítona,False
olfacto,"['ol', 'fac', 'to']",1,paroxítona,False
olfato,"['ol', 'fa', 'to']",1,paroxítona,False
olga,"['ol', 'ga']",0,paroxítona,False
olha,"['o', 'lha']",0,paroxítona,False
olhada,"['o', 'lha', 'da']",1,paroxítona,False
olhadela,"['o', 'lha', 'de', 'la']",2,paroxítona,False
olhado,"['o', 'lha', 'do']",1,paroxítona,False
olhal,"['o', 'lhal']",1,oxítona,False
olhalva,"['o', 'lhal', 'va']",1,paroxítona,False
olhalvo,"['o', 'lhal', 'vo']",1,paroxítona,False
olhanense,"['o', 'lha', 'nen', 'se']",2,paroxítona,False
olhar,"['o', 'lhar']",1,oxítona,False
olhe,"['o', 'lhe']",0,paroxítona,False
olheiras,"['o', 'lhei', 'ras']",1,paroxítona,False
olheirento,"['o', 'lhei', 'ren', 'to']",2,paroxítona,False
olheiro,"['o', 'lhei', 'ro']",1,paroxítona,False
olho,"['o', 'lho']",0,paroxítona,False
olho-de-boi,"['o', 'lho-de-', 'boi']",2,oxítona,False
olho-de-perdiz,"['o', 'lho-de-per', 'diz']",2,oxítona,False
oligarca,"['o', 'li', 'gar', 'ca']",2,paroxítona,False
oligarquia,"['o', 'li', 'gar', 'qui', 'a']",3,paroxítona,False
oligarquicamente,"['o', 'li', 'gar', 'qui', 'ca', 'men', 'te']",5,paroxítona,False
oligárquico,"['o', 'li', 'gár', 'qui', 'co']",2,proparoxítona,False
oligarquização,"['o', 'li', 'gar', 'qui', 'za', 'ção']",5,oxítona,False
oligoelemento,"['o', 'li', 'go', 'e', 'le', 'men', 'to']",5,paroxítona,False
oligofrenia,"['o', 'li', 'go', 'fre', 'ni', 'a']",4,paroxítona,False
oligofrénica,"['o', 'li', 'go', 'fré', 'ni', 'ca']",3,proparoxítona,False
oligofrénico,"['o', 'li', 'go', 'fré', 'ni', 'co']",3,proparoxítona,False
oligopólio,"['o', 'li', 'go', 'pó', 'li', 'o']",3,proparoxítona,False
olimpíada,"['o', 'lim', 'pí', 'a', 'da']",2,proparoxítona,False
olimpicamente,"['o', 'lim', 'pi', 'ca', 'men', 'te']",4,paroxítona,False
olímpico,"['o', 'lím', 'pi', 'co']",1,proparoxítona,False
olímpio,"['o', 'lím', 'pi', 'o']",1,proparoxítona,False
olimpismo,"['o', 'lim', 'pis', 'mo']",2,paroxítona,False
olimpo,"['o', 'lim', 'po']",1,paroxítona,False
olisipografia,"['o', 'li', 'si', 'po', 'gra', 'fi', 'a']",5,paroxítona,False
olisipógrafo,"['o', 'li', 'si', 'pó', 'gra', 'fo']",3,proparoxítona,False
olisiponense,"['o', 'li', 'si', 'po', 'nen', 'se']",4,paroxítona,False
oliva,"['o', 'li', 'va']",1,paroxítona,False
olival,"['o', 'li', 'val']",2,oxítona,False
olivar,"['o', 'li', 'var']",2,oxítona,False
oliveira,"['o', 'li', 'vei', 'ra']",2,paroxítona,False
oliveirense,"['o', 'li', 'vei', 'ren', 'se']",3,paroxítona,False
oliventino,"['o', 'li', 'ven', 'ti', 'no']",3,paroxítona,False
olíveo,"['o', 'lí', 've', 'o']",1,proparoxítona,False
olivicultor,"['o', 'li', 'vi', 'cul', 'tor']",4,oxítona,False
olivicultura,"['o', 'li', 'vi', 'cul', 'tu', 'ra']",4,paroxítona,False
olivina,"['o', 'li', 'vi', 'na']",2,paroxítona,False
olmedo,"['ol', 'me', 'do']",1,paroxítona,False
olmo,"['ol', 'mo']",0,paroxítona,False
olor,"['o', 'lor']",1,oxítona,False
oloroso,"['o', 'lo', 'ro', 'so']",2,paroxítona,False
olvidado,"['ol', 'vi', 'da', 'do']",2,paroxítona,False
olvidar,"['ol', 'vi', 'dar']",2,oxítona,False
olvido,"['ol', 'vi', 'do']",1,paroxítona,False
ombrear,"['om', 'bre', 'ar']",2,oxítona,False
ombreira,"['om', 'brei', 'ra']",1,paroxítona,False
ombro,"['om', 'bro']",0,paroxítona,False
ómega,"['ó', 'me', 'ga']",0,proparoxítona,False
omeleta,"['o', 'me', 'le', 'ta']",2,paroxítona,False
omelete,"['o', 'me', 'le', 'te']",2,paroxítona,False
omíada,"['o', 'mí', 'a', 'da']",1,proparoxítona,False
ominosamente,"['o', 'mi', 'no', 'sa', 'men', 'te']",4,paroxítona,False
ominoso,"['o', 'mi', 'no', 'so']",2,paroxítona,False
omissão,"['o', 'mis', 'são']",2,oxítona,False
omisso,"['o', 'mis', 'so']",1,paroxítona,False
omitir,"['o', 'mi', 'tir']",2,oxítona,False
omnipotência,"['om', 'ni', 'po', 'tên', 'ci', 'a']",3,proparoxítona,False
omnipotente,"['om', 'ni', 'po', 'ten', 'te']",3,paroxítona,False
omnipotentemente,"['om', 'ni', 'po', 'ten', 'te', 'men', 'te']",5,paroxítona,False
omnipresença,"['om', 'ni', 'pre', 'sen', 'ça']",3,paroxítona,False
omnipresente,"['om', 'ni', 'pre', 'sen', 'te']",3,paroxítona,False
omnisciência,"['om', 'nis', 'ci', 'ên', 'ci', 'a']",3,proparoxítona,False
omnisciente,"['om', 'nis', 'ci', 'en', 'te']",3,paroxítona,False
omnívoro,"['om', 'ní', 'vo', 'ro']",1,proparoxítona,False
omoplata,"['o', 'mo', 'pla', 'ta']",2,paroxítona,False
on-line,"['on', 'li', 'ne']",1,paroxítona,False
onagro,"['o', 'na', 'gro']",1,paroxítona,False
onanismo,"['o', 'na', 'nis', 'mo']",2,paroxítona,False
onanista,"['o', 'na', 'nis', 'ta']",2,paroxítona,False
onça,"['on', 'ça']",0,paroxítona,False
oncogene,"['on', 'co', 'ge', 'ne']",2,paroxítona,False
oncogénese,"['on', 'co', 'gé', 'ne', 'se']",2,proparoxítona,False
oncologia,"['on', 'co', 'lo', 'gi', 'a']",3,paroxítona,False
oncológico,"['on', 'co', 'ló', 'gi', 'co']",2,proparoxítona,False
oncologista,"['on', 'co', 'lo', 'gis', 'ta']",3,paroxítona,False
onda,"['on', 'da']",0,paroxítona,False
onde,"['on', 'de']",0,paroxítona,False
ondear,"['on', 'de', 'ar']",2,oxítona,False
ondina,"['on', 'di', 'na']",1,paroxítona,False
ondulação,"['on', 'du', 'la', 'ção']",3,oxítona,False
ondulado,"['on', 'du', 'la', 'do']",2,paroxítona,False
ondulante,"['on', 'du', 'lan', 'te']",2,paroxítona,False
ondular,"['on', 'du', 'lar']",2,oxítona,False
ondulatoriamente,"['on', 'du', 'la', 'to', 'ri', 'a', 'men', 'te']",6,paroxítona,False
ondulatório,"['on', 'du', 'la', 'tó', 'ri', 'o']",3,proparoxítona,False
ondulosamente,"['on', 'du', 'lo', 'sa', 'men', 'te']",4,paroxítona,False
onduloso,"['on', 'du', 'lo', 'so']",2,paroxítona,False
onerado,"['o', 'ne', 'ra', 'do']",2,paroxítona,False
onerar,"['o', 'ne', 'rar']",2,oxítona,False
onerosamente,"['o', 'ne', 'ro', 'sa', 'men', 'te']",4,paroxítona,False
onerosidade,"['o', 'ne', 'ro', 'si', 'da', 'de']",4,paroxítona,False
oneroso,"['o', 'ne', 'ro', 'so']",2,paroxítona,False
ónibus,"['ó', 'ni', 'bus']",0,proparoxítona,False
ônibus,"['ô', 'ni', 'bus']",0,proparoxítona,False
oniomania,"['o', 'ni', 'o', 'ma', 'ni', 'a']",4,paroxítona,False
onírico,"['o', 'ní', 'ri', 'co']",1,proparoxítona,False
onirismo,"['o', 'ni', 'ris', 'mo']",2,paroxítona,False
online,"['on', 'li', 'ne']",1,paroxítona,False
onomástica,"['o', 'no', 'más', 'ti', 'ca']",2,proparoxítona,False
onomasticamente,"['o', 'no', 'mas', 'ti', 'ca', 'men', 'te']",5,paroxítona,False
onomástico,"['o', 'no', 'más', 'ti', 'co']",2,proparoxítona,False
onomatopaicamente,"['o', 'no', 'ma', 'to', 'pai', 'ca', 'men', 'te']",6,paroxítona,False
onomatopaico,"['o', 'no', 'ma', 'to', 'pai', 'co']",4,paroxítona,False
onomatopeia,"['o', 'no', 'ma', 'to', 'pei', 'a']",4,paroxítona,False
ontem,"['on', 'tem']",0,paroxítona,False
ontogenético,"['on', 'to', 'ge', 'né', 'ti', 'co']",3,proparoxítona,False
ontologia,"['on', 'to', 'lo', 'gi', 'a']",3,paroxítona,False
ontologicamente,"['on', 'to', 'lo', 'gi', 'ca', 'men', 'te']",5,paroxítona,False
ontológico,"['on', 'to', 'ló', 'gi', 'co']",2,proparoxítona,False
ônus,"['ô', 'nus']",0,paroxítona,False
ónus,"['ó', 'nus']",0,paroxítona,False
onze,"['on', 'ze']",0,paroxítona,False
onzeneiro,"['on', 'ze', 'nei', 'ro']",2,paroxítona,False
opa,"['o', 'pa']",0,paroxítona,False
opacamente,"['o', 'pa', 'ca', 'men', 'te']",3,paroxítona,False
opacidade,"['o', 'pa', 'ci', 'da', 'de']",3,paroxítona,False
opaco,"['o', 'pa', 'co']",1,paroxítona,False
opado,"['o', 'pa', 'do']",1,paroxítona,False
opal,"['o', 'pal']",1,oxítona,False
opala,"['o', 'pa', 'la']",1,paroxítona,False
opalino,"['o', 'pa', 'li', 'no']",2,paroxítona,False
opar,"['o', 'par']",1,oxítona,False
opável,"['o', 'pá', 'vel']",1,paroxítona,False
opção,"['op', 'ção']",1,oxítona,False
opcional,"['op', 'ci', 'o', 'nal']",3,oxítona,False
open,"['o', 'pen']",0,paroxítona,False
ópera,"['ó', 'pe', 'ra']",0,proparoxítona,False
operabilidade,"['o', 'pe', 'ra', 'bi', 'li', 'da', 'de']",5,paroxítona,False
operação,"['o', 'pe', 'ra', 'ção']",3,oxítona,False
operacional,"['o', 'pe', 'ra', 'ci', 'o', 'nal']",5,oxítona,False
operacionalidade,"['o', 'pe', 'ra', 'ci', 'o', 'na', 'li', 'da', 'de']",7,paroxítona,False
operacionalização,"['o', 'pe', 'ra', 'ci', 'o', 'na', 'li', 'za', 'ção']",8,oxítona,False
operacionalizar,"['o', 'pe', 'ra', 'ci', 'o', 'na', 'li', 'zar']",7,oxítona,False
operada,"['o', 'pe', 'ra', 'da']",2,paroxítona,False
operado,"['o', 'pe', 'ra', 'do']",2,paroxítona,False
operador,"['o', 'pe', 'ra', 'dor']",3,oxítona,False
operadora,"['o', 'pe', 'ra', 'do', 'ra']",3,paroxítona,False
operante,"['o', 'pe', 'ran', 'te']",2,paroxítona,False
operar,"['o', 'pe', 'rar']",2,oxítona,False
operária,"['o', 'pe', 'rá', 'ri', 'a']",2,proparoxítona,False
operariado,"['o', 'pe', 'ra', 'ri', 'a', 'do']",4,paroxítona,False
operário,"['o', 'pe', 'rá', 'ri', 'o']",2,proparoxítona,False
operático,"['o', 'pe', 'rá', 'ti', 'co']",2,proparoxítona,False
operativo,"['o', 'pe', 'ra', 'ti', 'vo']",3,paroxítona,False
operatória,"['o', 'pe', 'ra', 'tó', 'ri', 'a']",3,proparoxítona,False
operatoriamente,"['o', 'pe', 'ra', 'to', 'ri', 'a', 'men', 'te']",6,paroxítona,False
operatório,"['o', 'pe', 'ra', 'tó', 'ri', 'o']",3,proparoxítona,False
operável,"['o', 'pe', 'rá', 'vel']",2,paroxítona,False
opérculo,"['o', 'pér', 'cu', 'lo']",1,proparoxítona,False
opereta,"['o', 'pe', 're', 'ta']",2,paroxítona,False
operístico,"['o', 'pe', 'rís', 'ti', 'co']",2,proparoxítona,False
opiáceo,"['o', 'pi', 'á', 'ce', 'o']",2,proparoxítona,False
opiar,"['o', 'pi', 'ar']",2,oxítona,False
opinante,"['o', 'pi', 'nan', 'te']",2,paroxítona,False
opinar,"['o', 'pi', 'nar']",2,oxítona,False
opinativo,"['o', 'pi', 'na', 'ti', 'vo']",3,paroxítona,False
opinião,"['o', 'pi', 'ni', 'ão']",3,oxítona,False
opiniosamente,"['o', 'pi', 'ni', 'o', 'sa', 'men', 'te']",5,paroxítona,False
opinioso,"['o', 'pi', 'ni', 'o', 'so']",3,paroxítona,False
ópio,"['ó', 'pi', 'o']",0,proparoxítona,False
opiómano,"['o', 'pi', 'ó', 'ma', 'no']",2,proparoxítona,False
opiparamente,"['o', 'pi', 'pa', 'ra', 'men', 'te']",4,paroxítona,False
opíparo,"['o', 'pí', 'pa', 'ro']",1,proparoxítona,False
oponente,"['o', 'po', 'nen', 'te']",2,paroxítona,False
oponível,"['o', 'po', 'ní', 'vel']",2,paroxítona,False
opor,"['o', 'por']",1,oxítona,False
oportunamente,"['o', 'por', 'tu', 'na', 'men', 'te']",4,paroxítona,False
oportunidade,"['o', 'por', 'tu', 'ni', 'da', 'de']",4,paroxítona,False
oportunismo,"['o', 'por', 'tu', 'nis', 'mo']",3,paroxítona,False
oportunista,"['o', 'por', 'tu', 'nis', 'ta']",3,paroxítona,False
oportuno,"['o', 'por', 'tu', 'no']",2,paroxítona,False
oposição,"['o', 'po', 'si', 'ção']",3,oxítona,False
oposicionismo,"['o', 'po', 'si', 'ci', 'o', 'nis', 'mo']",5,paroxítona,False
oposicionista,"['o', 'po', 'si', 'ci', 'o', 'nis', 'ta']",5,paroxítona,False
opositor,"['o', 'po', 'si', 'tor']",3,oxítona,False
opostamente,"['o', 'pos', 'ta', 'men', 'te']",3,paroxítona,False
oposto,"['o', 'pos', 'to']",1,paroxítona,False
opressão,"['o', 'pres', 'são']",2,oxítona,False
opressivamente,"['o', 'pres', 'si', 'va', 'men', 'te']",4,paroxítona,False
opressivo,"['o', 'pres', 'si', 'vo']",2,paroxítona,False
opressor,"['o', 'pres', 'sor']",2,oxítona,False
opressora,"['o', 'pres', 'so', 'ra']",2,paroxítona,False
oprimida,"['o', 'pri', 'mi', 'da']",2,paroxítona,False
oprimido,"['o', 'pri', 'mi', 'do']",2,paroxítona,False
oprimir,"['o', 'pri', 'mir']",2,oxítona,False
opróbrio,"['o', 'pró', 'bri', 'o']",1,proparoxítona,False
optar,"['op', 'tar']",1,oxítona,False
optativamente,"['op', 'ta', 'ti', 'va', 'men', 'te']",4,paroxítona,False
optativo,"['op', 'ta', 'ti', 'vo']",2,paroxítona,False
óptico,"['óp', 'ti', 'co']",0,proparoxítona,False
optimamente,"['op', 'ti', 'ma', 'men', 'te']",3,paroxítona,False
optimismo,"['op', 'ti', 'mis', 'mo']",2,paroxítona,False
optimista,"['op', 'ti', 'mis', 'ta']",2,paroxítona,False
optimização,"['op', 'ti', 'mi', 'za', 'ção']",4,oxítona,False
optimizar,"['op', 'ti', 'mi', 'zar']",3,oxítona,False
óptimo,"['óp', 'ti', 'mo']",0,proparoxítona,False
optometria,"['op', 'to', 'me', 'tri', 'a']",3,paroxítona,False
optometrista,"['op', 'to', 'me', 'tris', 'ta']",3,paroxítona,False
opulência,"['o', 'pu', 'lên', 'ci', 'a']",2,proparoxítona,False
opulenta,"['o', 'pu', 'len', 'ta']",2,paroxítona,False
opulentamente,"['o', 'pu', 'len', 'ta', 'men', 'te']",4,paroxítona,False
opulentar,"['o', 'pu', 'len', 'tar']",3,oxítona,False
opulento,"['o', 'pu', 'len', 'to']",2,paroxítona,False
opus,"['o', 'pus']",1,oxítona,False
opúsculo,"['o', 'pús', 'cu', 'lo']",1,proparoxítona,False
ora,"['o', 'ra']",0,paroxítona,False
oração,"['o', 'ra', 'ção']",2,oxítona,False
oracular,"['o', 'ra', 'cu', 'lar']",3,oxítona,False
oráculo,"['o', 'rá', 'cu', 'lo']",1,proparoxítona,False
orada,"['o', 'ra', 'da']",1,paroxítona,False
orador,"['o', 'ra', 'dor']",2,oxítona,False
oradora,"['o', 'ra', 'do', 'ra']",2,paroxítona,False
orago,"['o', 'ra', 'go']",1,paroxítona,False
oral,"['o', 'ral']",1,oxítona,False
oralidade,"['o', 'ra', 'li', 'da', 'de']",3,paroxítona,False
oralmente,"['o', 'ral', 'men', 'te']",2,paroxítona,False
orangista,"['o', 'ran', 'gis', 'ta']",2,paroxítona,False
orangotango,"['o', 'ran', 'go', 'tan', 'go']",3,paroxítona,False
orar,"['o', 'rar']",1,oxítona,False
oratória,"['o', 'ra', 'tó', 'ri', 'a']",2,proparoxítona,False
oratoriamente,"['o', 'ra', 'to', 'ri', 'a', 'men', 'te']",5,paroxítona,False
oratoriano,"['o', 'ra', 'to', 'ri', 'a', 'no']",4,paroxítona,False
oratório,"['o', 'ra', 'tó', 'ri', 'o']",2,proparoxítona,False
orbe,"['or', 'be']",0,paroxítona,False
órbita,"['ór', 'bi', 'ta']",0,proparoxítona,False
orbital,"['or', 'bi', 'tal']",2,oxítona,False
orbitar,"['or', 'bi', 'tar']",2,oxítona,False
orca,"['or', 'ca']",0,paroxítona,False
orça,"['or', 'ça']",0,paroxítona,False
orçamental,"['or', 'ça', 'men', 'tal']",3,oxítona,False
orçamentar,"['or', 'ça', 'men', 'tar']",3,oxítona,False
orçamentário,"['or', 'ça', 'men', 'tá', 'ri', 'o']",3,proparoxítona,False
orçamentista,"['or', 'ça', 'men', 'tis', 'ta']",3,paroxítona,False
orçamento,"['or', 'ça', 'men', 'to']",2,paroxítona,False
orçar,"['or', 'çar']",1,oxítona,False
orchata,"['or', 'cha', 'ta']",1,paroxítona,False
ordeiramente,"['or', 'dei', 'ra', 'men', 'te']",3,paroxítona,False
ordeiro,"['or', 'dei', 'ro']",1,paroxítona,False
ordem,"['or', 'dem']",0,paroxítona,False
ordenação,"['or', 'de', 'na', 'ção']",3,oxítona,False
ordenada,"['or', 'de', 'na', 'da']",2,paroxítona,False
ordenadamente,"['or', 'de', 'na', 'da', 'men', 'te']",4,paroxítona,False
ordenado,"['or', 'de', 'na', 'do']",2,paroxítona,False
ordenador,"['or', 'de', 'na', 'dor']",3,oxítona,False
ordenadora,"['or', 'de', 'na', 'do', 'ra']",3,paroxítona,False
ordenamento,"['or', 'de', 'na', 'men', 'to']",3,paroxítona,False
ordenança,"['or', 'de', 'nan', 'ça']",2,paroxítona,False
ordenar,"['or', 'de', 'nar']",2,oxítona,False
ordenha,"['or', 'de', 'nha']",1,paroxítona,False
ordenhar,"['or', 'de', 'nhar']",2,oxítona,False
ordinária,"['or', 'di', 'ná', 'ri', 'a']",2,proparoxítona,False
ordinariamente,"['or', 'di', 'na', 'ri', 'a', 'men', 'te']",5,paroxítona,False
ordinarice,"['or', 'di', 'na', 'ri', 'ce']",3,paroxítona,False
ordinário,"['or', 'di', 'ná', 'ri', 'o']",2,proparoxítona,False
orégão,"['o', 'ré', 'gão']",1,paroxítona,False
orelha,"['o', 're', 'lha']",1,paroxítona,False
orelhão,"['o', 're', 'lhão']",2,oxítona,False
orelhar,"['o', 're', 'lhar']",2,oxítona,False
orelheira,"['o', 're', 'lhei', 'ra']",2,paroxítona,False
orelhuda,"['o', 're', 'lhu', 'da']",2,paroxítona,False
orelhudo,"['o', 're', 'lhu', 'do']",2,paroxítona,False
órfã,"['ór', 'fã']",0,paroxítona,False
orfanato,"['or', 'fa', 'na', 'to']",2,paroxítona,False
orfandade,"['or', 'fan', 'da', 'de']",2,paroxítona,False
órfão,"['ór', 'fão']",0,paroxítona,False
orfeão,"['or', 'fe', 'ão']",2,oxítona,False
orfeónico,"['or', 'fe', 'ó', 'ni', 'co']",2,proparoxítona,False
orfeonista,"['or', 'fe', 'o', 'nis', 'ta']",3,paroxítona,False
órficas,"['ór', 'fi', 'cas']",0,proparoxítona,False
órfico,"['ór', 'fi', 'co']",0,proparoxítona,False
orfismo,"['or', 'fis', 'mo']",1,paroxítona,False
organdi,"['or', 'gan', 'di']",2,oxítona,False
organeiro,"['or', 'ga', 'nei', 'ro']",2,paroxítona,False
orgânica,"['or', 'gâ', 'ni', 'ca']",1,proparoxítona,False
organicamente,"['or', 'ga', 'ni', 'ca', 'men', 'te']",4,paroxítona,False
organicismo,"['or', 'ga', 'ni', 'cis', 'mo']",3,paroxítona,False
organicista,"['or', 'ga', 'ni', 'cis', 'ta']",3,paroxítona,False
orgânico,"['or', 'gâ', 'ni', 'co']",1,proparoxítona,False
organigrama,"['or', 'ga', 'ni', 'gra', 'ma']",3,paroxítona,False
organismo,"['or', 'ga', 'nis', 'mo']",2,paroxítona,False
organista,"['or', 'ga', 'nis', 'ta']",2,paroxítona,False
organito,"['or', 'ga', 'ni', 'to']",2,paroxítona,False
organização,"['or', 'ga', 'ni', 'za', 'ção']",4,oxítona,False
organizacional,"['or', 'ga', 'ni', 'za', 'ci', 'o', 'nal']",6,oxítona,False
organizadamente,"['or', 'ga', 'ni', 'za', 'da', 'men', 'te']",5,paroxítona,False
organizado,"['or', 'ga', 'ni', 'za', 'do']",3,paroxítona,False
organizador,"['or', 'ga', 'ni', 'za', 'dor']",4,oxítona,False
organizadora,"['or', 'ga', 'ni', 'za', 'do', 'ra']",4,paroxítona,False
organizar,"['or', 'ga', 'ni', 'zar']",3,oxítona,False
organizativo,"['or', 'ga', 'ni', 'za', 'ti', 'vo']",4,paroxítona,False
organogénese,"['or', 'ga', 'no', 'gé', 'ne', 'se']",3,proparoxítona,False
organograma,"['or', 'ga', 'no', 'gra', 'ma']",3,paroxítona,False
organoléptico,"['or', 'ga', 'no', 'lép', 'ti', 'co']",3,proparoxítona,False
organologia,"['or', 'ga', 'no', 'lo', 'gi', 'a']",4,paroxítona,False
órgão,"['ór', 'gão']",0,paroxítona,False
orgasmo,"['or', 'gas', 'mo']",1,paroxítona,False
orgástico,"['or', 'gás', 'ti', 'co']",1,proparoxítona,False
orgia,"['or', 'gi', 'a']",1,paroxítona,False
orgíaco,"['or', 'gí', 'a', 'co']",1,proparoxítona,False
orgiástico,"['or', 'gi', 'ás', 'ti', 'co']",2,proparoxítona,False
orgulhar,"['or', 'gu', 'lhar']",2,oxítona,False
orgulho,"['or', 'gu', 'lho']",1,paroxítona,False
orgulhosa,"['or', 'gu', 'lho', 'sa']",2,paroxítona,False
orgulhosamente,"['or', 'gu', 'lho', 'sa', 'men', 'te']",4,paroxítona,False
orgulhoso,"['or', 'gu', 'lho', 'so']",2,paroxítona,False
orientação,"['o', 'ri', 'en', 'ta', 'ção']",4,oxítona,False
orientado,"['o', 'ri', 'en', 'ta', 'do']",3,paroxítona,False
orientador,"['o', 'ri', 'en', 'ta', 'dor']",4,oxítona,False
orientadora,"['o', 'ri', 'en', 'ta', 'do', 'ra']",4,paroxítona,False
oriental,"['o', 'ri', 'en', 'tal']",3,oxítona,False
orientalismo,"['o', 'ri', 'en', 'ta', 'lis', 'mo']",4,paroxítona,False
orientalista,"['o', 'ri', 'en', 'ta', 'lis', 'ta']",4,paroxítona,False
orientalmente,"['o', 'ri', 'en', 'tal', 'men', 'te']",4,paroxítona,False
orientando,"['o', 'ri', 'en', 'tan', 'do']",3,paroxítona,False
orientar,"['o', 'ri', 'en', 'tar']",3,oxítona,False
orientável,"['o', 'ri', 'en', 'tá', 'vel']",3,paroxítona,False
oriente,"['o', 'ri', 'en', 'te']",2,paroxítona,False
orifício,"['o', 'ri', 'fí', 'ci', 'o']",2,proparoxítona,False
origami,"['o', 'ri', 'ga', 'mi']",3,oxítona,False
origem,"['o', 'ri', 'gem']",1,paroxítona,False
originado,"['o', 'ri', 'gi', 'na', 'do']",3,paroxítona,False
originador,"['o', 'ri', 'gi', 'na', 'dor']",4,oxítona,False
original,"['o', 'ri', 'gi', 'nal']",3,oxítona,False
originalidade,"['o', 'ri', 'gi', 'na', 'li', 'da', 'de']",5,paroxítona,False
originalíssimo,"['o', 'ri', 'gi', 'na', 'lís', 'si', 'mo']",4,proparoxítona,False
originalmente,"['o', 'ri', 'gi', 'nal', 'men', 'te']",4,paroxítona,False
originar,"['o', 'ri', 'gi', 'nar']",3,oxítona,False
originariamente,"['o', 'ri', 'gi', 'na', 'ri', 'a', 'men', 'te']",6,paroxítona,False
originário,"['o', 'ri', 'gi', 'ná', 'ri', 'o']",3,proparoxítona,False
oriundo,"['o', 'ri', 'un', 'do']",2,paroxítona,False
órix,"['ó', 'rix']",0,paroxítona,False
orizicultor,"['o', 'ri', 'zi', 'cul', 'tor']",4,oxítona,False
orizicultura,"['o', 'ri', 'zi', 'cul', 'tu', 'ra']",4,paroxítona,False
orla,"['or', 'la']",0,paroxítona,False
orlado,"['or', 'la', 'do']",1,paroxítona,False
orlar,"['or', 'lar']",1,oxítona,False
orleã,"['or', 'le', 'ã']",2,oxítona,False
ornado,"['or', 'na', 'do']",1,paroxítona,False
ornamentação,"['or', 'na', 'men', 'ta', 'ção']",4,oxítona,False
ornamental,"['or', 'na', 'men', 'tal']",3,oxítona,False
ornamentalmente,"['or', 'na', 'men', 'tal', 'men', 'te']",4,paroxítona,False
ornamentar,"['or', 'na', 'men', 'tar']",3,oxítona,False
ornamento,"['or', 'na', 'men', 'to']",2,paroxítona,False
ornar,"['or', 'nar']",1,oxítona,False
ornato,"['or', 'na', 'to']",1,paroxítona,False
ornitologia,"['or', 'ni', 'to', 'lo', 'gi', 'a']",4,paroxítona,False
ornitológico,"['or', 'ni', 'to', 'ló', 'gi', 'co']",3,proparoxítona,False
ornitólogo,"['or', 'ni', 'tó', 'lo', 'go']",2,proparoxítona,False
ornitópodes,"['or', 'ni', 'tó', 'po', 'des']",2,proparoxítona,False
ornitorrinco,"['or', 'ni', 'tor', 'rin', 'co']",3,paroxítona,False
orofaringe,"['o', 'ro', 'fa', 'rin', 'ge']",3,paroxítona,False
orografia,"['o', 'ro', 'gra', 'fi', 'a']",3,paroxítona,False
orográfico,"['o', 'ro', 'grá', 'fi', 'co']",2,proparoxítona,False
orquestra,"['or', 'ques', 'tra']",1,paroxítona,False
orquestração,"['or', 'ques', 'tra', 'ção']",3,oxítona,False
orquestrador,"['or', 'ques', 'tra', 'dor']",3,oxítona,False
orquestral,"['or', 'ques', 'tral']",2,oxítona,False
orquestralmente,"['or', 'ques', 'tral', 'men', 'te']",3,paroxítona,False
orquestrar,"['or', 'ques', 'trar']",2,oxítona,False
orquídea,"['or', 'quí', 'de', 'a']",1,proparoxítona,False
orquite,"['or', 'qui', 'te']",1,paroxítona,False
ortiga,"['or', 'ti', 'ga']",1,paroxítona,False
ortigar,"['or', 'ti', 'gar']",2,oxítona,False
orto,"['or', 'to']",0,paroxítona,False
ortodoxa,"['or', 'to', 'do', 'xa']",2,paroxítona,False
ortodoxamente,"['or', 'to', 'do', 'xa', 'men', 'te']",4,paroxítona,False
ortodoxia,"['or', 'to', 'do', 'xi', 'a']",3,paroxítona,False
ortodoxo,"['or', 'to', 'do', 'xo']",2,paroxítona,False
ortogonal,"['or', 'to', 'go', 'nal']",3,oxítona,False
ortogonalmente,"['or', 'to', 'go', 'nal', 'men', 'te']",4,paroxítona,False
ortografia,"['or', 'to', 'gra', 'fi', 'a']",3,paroxítona,False
ortograficamente,"['or', 'to', 'gra', 'fi', 'ca', 'men', 'te']",5,paroxítona,False
ortográfico,"['or', 'to', 'grá', 'fi', 'co']",2,proparoxítona,False
ortónimo,"['or', 'tó', 'ni', 'mo']",1,proparoxítona,False
ortopedia,"['or', 'to', 'pe', 'di', 'a']",3,paroxítona,False
ortopédico,"['or', 'to', 'pé', 'di', 'co']",2,proparoxítona,False
ortopedista,"['or', 'to', 'pe', 'dis', 'ta']",3,paroxítona,False
ortóptero,"['or', 'tóp', 'te', 'ro']",1,proparoxítona,False
ortóptica,"['or', 'tóp', 'ti', 'ca']",1,proparoxítona,False
ortóptico,"['or', 'tóp', 'ti', 'co']",1,proparoxítona,False
ortoptista,"['or', 'top', 'tis', 'ta']",2,paroxítona,False
ortótese,"['or', 'tó', 'te', 'se']",1,proparoxítona,False
orvalhada,"['or', 'va', 'lha', 'da']",2,paroxítona,False
orvalhado,"['or', 'va', 'lha', 'do']",2,paroxítona,False
orvalhar,"['or', 'va', 'lhar']",2,oxítona,False
orvalho,"['or', 'va', 'lho']",1,paroxítona,False
orwelliano,"['or', 'wel', 'li', 'a', 'no']",3,paroxítona,False
óscar,"['ós', 'car']",0,paroxítona,False
oscilação,"['os', 'ci', 'la', 'ção']",3,oxítona,False
oscilante,"['os', 'ci', 'lan', 'te']",2,paroxítona,False
oscilar,"['os', 'ci', 'lar']",2,oxítona,False
oscilatório,"['os', 'ci', 'la', 'tó', 'ri', 'o']",3,proparoxítona,False
osciloscópio,"['os', 'ci', 'los', 'có', 'pi', 'o']",3,proparoxítona,False
oscular,"['os', 'cu', 'lar']",2,oxítona,False
ósculo,"['ós', 'cu', 'lo']",0,proparoxítona,False
osga,"['os', 'ga']",0,paroxítona,False
osmose,"['os', 'mo', 'se']",1,paroxítona,False
ossada,"['os', 'sa', 'da']",1,paroxítona,False
ossário,"['os', 'sá', 'ri', 'o']",1,proparoxítona,False
ossatura,"['os', 'sa', 'tu', 'ra']",2,paroxítona,False
ósseo,"['ós', 'se', 'o']",0,proparoxítona,False
ossificação,"['os', 'si', 'fi', 'ca', 'ção']",4,oxítona,False
ossificado,"['os', 'si', 'fi', 'ca', 'do']",3,paroxítona,False
ossificar,"['os', 'si', 'fi', 'car']",3,oxítona,False
osso,"['os', 'so']",0,paroxítona,False
ossuário,"['os', 'su', 'á', 'ri', 'o']",2,proparoxítona,False
ossudo,"['os', 'su', 'do']",1,paroxítona,False
ostensão,"['os', 'ten', 'são']",2,oxítona,False
ostensivamente,"['os', 'ten', 'si', 'va', 'men', 'te']",4,paroxítona,False
ostensivo,"['os', 'ten', 'si', 'vo']",2,paroxítona,False
ostentação,"['os', 'ten', 'ta', 'ção']",3,oxítona,False
ostentar,"['os', 'ten', 'tar']",2,oxítona,False
ostentosamente,"['os', 'ten', 'to', 'sa', 'men', 'te']",4,paroxítona,False
ostentoso,"['os', 'ten', 'to', 'so']",2,paroxítona,False
osteoartrite,"['os', 'te', 'o', 'ar', 'tri', 'te']",4,paroxítona,False
osteologia,"['os', 'te', 'o', 'lo', 'gi', 'a']",4,paroxítona,False
osteológico,"['os', 'te', 'o', 'ló', 'gi', 'co']",3,proparoxítona,False
osteopata,"['os', 'te', 'o', 'pa', 'ta']",3,paroxítona,False
osteopatia,"['os', 'te', 'o', 'pa', 'ti', 'a']",4,paroxítona,False
osteoporose,"['os', 'te', 'o', 'po', 'ro', 'se']",4,paroxítona,False
ostomia,"['os', 'to', 'mi', 'a']",2,paroxítona,False
ostomizado,"['os', 'to', 'mi', 'za', 'do']",3,paroxítona,False
ostra,"['os', 'tra']",0,paroxítona,False
ostracismo,"['os', 'tra', 'cis', 'mo']",2,paroxítona,False
ostracizar,"['os', 'tra', 'ci', 'zar']",3,oxítona,False
ostreícola,"['os', 'tre', 'í', 'co', 'la']",2,proparoxítona,False
ostrogodo,"['os', 'tro', 'go', 'do']",2,paroxítona,False
otária,"['o', 'tá', 'ri', 'a']",1,proparoxítona,False
otário,"['o', 'tá', 'ri', 'o']",1,proparoxítona,False
ótica,"['ó', 'ti', 'ca']",0,proparoxítona,False
ótico,"['ó', 'ti', 'co']",0,proparoxítona,False
otimamente,"['o', 'ti', 'ma', 'men', 'te']",3,paroxítona,False
otimista,"['o', 'ti', 'mis', 'ta']",2,paroxítona,False
ótimo,"['ó', 'ti', 'mo']",0,proparoxítona,False
otite,"['o', 'ti', 'te']",1,paroxítona,False
otologia,"['o', 'to', 'lo', 'gi', 'a']",3,paroxítona,False
otomana,"['o', 'to', 'ma', 'na']",2,paroxítona,False
otomano,"['o', 'to', 'ma', 'no']",2,paroxítona,False
otorrino,"['o', 'tor', 'ri', 'no']",2,paroxítona,False
otorrinolaringologia,"['o', 'tor', 'ri', 'no', 'la', 'rin', 'go', 'lo', 'gi', 'a']",8,paroxítona,False
otorrinolaringologista,"['o', 'tor', 'ri', 'no', 'la', 'rin', 'go', 'lo', 'gis', 'ta']",8,paroxítona,False
ou,['ou'],0,oxítona,False
ouça,"['ou', 'ça']",0,paroxítona,False
oura,"['ou', 'ra']",0,paroxítona,False
ourado,"['ou', 'ra', 'do']",1,paroxítona,False
ourar,"['ou', 'rar']",1,oxítona,False
ourelar,"['ou', 're', 'lar']",2,oxítona,False
ourelo,"['ou', 're', 'lo']",1,paroxítona,False
ouriçar,"['ou', 'ri', 'çar']",2,oxítona,False
ouriço,"['ou', 'ri', 'ço']",1,paroxítona,False
ouriço-cacheiro,"['ou', 'ri', 'ço-ca', 'chei', 'ro']",3,paroxítona,False
ouriço-do-mar,"['ou', 'ri', 'ço-do-', 'mar']",3,oxítona,False
ourique,"['ou', 'ri', 'que']",1,paroxítona,False
ouriquense,"['ou', 'ri', 'quen', 'se']",2,paroxítona,False
ourives,"['ou', 'ri', 'ves']",1,paroxítona,False
ourivesaria,"['ou', 'ri', 've', 'sa', 'ri', 'a']",4,paroxítona,False
ouro,"['ou', 'ro']",0,paroxítona,False
ouropel,"['ou', 'ro', 'pel']",2,oxítona,False
ouros,"['ou', 'ros']",0,paroxítona,False
ousadamente,"['ou', 'sa', 'da', 'men', 'te']",3,paroxítona,False
ousadia,"['ou', 'sa', 'di', 'a']",2,paroxítona,False
ousado,"['ou', 'sa', 'do']",1,paroxítona,False
ousar,"['ou', 'sar']",1,oxítona,False
out,['out'],0,oxítona,False
outão,"['ou', 'tão']",1,oxítona,False
outar,"['ou', 'tar']",1,oxítona,False
outdoor,"['out', 'door']",1,oxítona,False
outeiro,"['ou', 'tei', 'ro']",1,paroxítona,False
outo,"['ou', 'to']",0,paroxítona,False
outonal,"['ou', 'to', 'nal']",2,oxítona,False
outonar,"['ou', 'to', 'nar']",2,oxítona,False
outono,"['ou', 'to', 'no']",1,paroxítona,False
outorga,"['ou', 'tor', 'ga']",1,paroxítona,False
outorgado,"['ou', 'tor', 'ga', 'do']",2,paroxítona,False
outorgante,"['ou', 'tor', 'gan', 'te']",2,paroxítona,False
outorgar,"['ou', 'tor', 'gar']",2,oxítona,False
output,"['out', 'put']",0,paroxítona,False
outrem,"['ou', 'trem']",0,paroxítona,False
outro,"['ou', 'tro']",0,paroxítona,False
outrora,"['ou', 'tro', 'ra']",1,paroxítona,False
outrossim,"['ou', 'tros', 'sim']",2,oxítona,False
outsider,"['out', 'si', 'der']",2,oxítona,False
outubro,"['ou', 'tu', 'bro']",1,paroxítona,False
ouvida,"['ou', 'vi', 'da']",1,paroxítona,False
ouvido,"['ou', 'vi', 'do']",1,paroxítona,False
ouvidor,"['ou', 'vi', 'dor']",2,oxítona,False
ouvidoria,"['ou', 'vi', 'do', 'ri', 'a']",3,paroxítona,False
ouvinte,"['ou', 'vin', 'te']",1,paroxítona,False
ouvir,"['ou', 'vir']",1,oxítona,False
ova,"['o', 'va']",0,paroxítona,False
ovação,"['o', 'va', 'ção']",2,oxítona,False
ovacionar,"['o', 'va', 'ci', 'o', 'nar']",4,oxítona,False
ovado,"['o', 'va', 'do']",1,paroxítona,False
oval,"['o', 'val']",1,oxítona,False
ovalado,"['o', 'va', 'la', 'do']",2,paroxítona,False
ovalar,"['o', 'va', 'lar']",2,oxítona,False
ovar,"['o', 'var']",1,oxítona,False
ovarense,"['o', 'va', 'ren', 'se']",2,paroxítona,False
ovariano,"['o', 'va', 'ri', 'a', 'no']",3,paroxítona,False
ovário,"['o', 'vá', 'ri', 'o']",1,proparoxítona,False
ovelha,"['o', 've', 'lha']",1,paroxítona,False
ovelheiro,"['o', 've', 'lhei', 'ro']",2,paroxítona,False
overbooking,"['o', 'ver', 'boo', 'king']",2,paroxítona,False
overdose,"['o', 'ver', 'do', 'se']",2,paroxítona,False
ovil,"['o', 'vil']",1,oxítona,False
ovimbunda,"['o', 'vim', 'bun', 'da']",2,paroxítona,False
ovimbundo,"['o', 'vim', 'bun', 'do']",2,paroxítona,False
ovino,"['o', 'vi', 'no']",1,paroxítona,False
ovni,"['ov', 'ni']",1,oxítona,False
ovnilogia,"['ov', 'ni', 'lo', 'gi', 'a']",3,paroxítona,False
ovnilogista,"['ov', 'ni', 'lo', 'gis', 'ta']",3,paroxítona,False
ovo,"['o', 'vo']",0,paroxítona,False
ovócito,"['o', 'vó', 'ci', 'to']",1,proparoxítona,False
ovoide,"['o', 'voi', 'de']",1,paroxítona,False
ovos-moles,"['o', 'vos-', 'mo', 'les']",2,paroxítona,False
ovulação,"['o', 'vu', 'la', 'ção']",3,oxítona,False
óvulo,"['ó', 'vu', 'lo']",0,proparoxítona,False
oxalá,"['o', 'xa', 'lá']",2,oxítona,False
oxfordiano,"['ox', 'for', 'di', 'a', 'no']",3,paroxítona,False
oxidação,"['o', 'xi', 'da', 'ção']",3,oxítona,False
oxidado,"['o', 'xi', 'da', 'do']",2,paroxítona,False
oxidante,"['o', 'xi', 'dan', 'te']",2,paroxítona,False
oxidar,"['o', 'xi', 'dar']",2,oxítona,False
oxidase,"['o', 'xi', 'da', 'se']",2,paroxítona,False
oxidável,"['o', 'xi', 'dá', 'vel']",2,paroxítona,False
óxido,"['ó', 'xi', 'do']",0,proparoxítona,False
oxigenação,"['o', 'xi', 'ge', 'na', 'ção']",4,oxítona,False
oxigenado,"['o', 'xi', 'ge', 'na', 'do']",3,paroxítona,False
oxigenar,"['o', 'xi', 'ge', 'nar']",3,oxítona,False
oxigénio,"['o', 'xi', 'gé', 'ni', 'o']",2,proparoxítona,False
oxitocina,"['o', 'xi', 'to', 'ci', 'na']",3,paroxítona,False
ozonar,"['o', 'zo', 'nar']",2,oxítona,False
ozone,"['o', 'zo', 'ne']",1,paroxítona,False
ozonização,"['o', 'zo', 'ni', 'za', 'ção']",4,oxítona,False
ozono,"['o', 'zo', 'no']",1,paroxítona,False
